{"name":"2c1af371-fb99-44e1-9434-df31db138b6d","id":"/providers/Microsoft.Flow/flows/2c1af371-fb99-44e1-9434-df31db138b6d","type":"Microsoft.Flow/flows","properties":{"apiId":"/providers/Microsoft.PowerApps/apis/shared_logicflows","displayName":"ST 3.0 Beta","definition":{"metadata":{"workflowEntityId":null,"processAdvisorMetadata":null,"flowclientsuspensionreason":"None","flowclientsuspensiontime":null,"creator":{"id":"ba89e212-7a15-4700-be24-80b235b8a34e","type":"User","tenantId":"d385d258-8d5f-4ce2-a3ab-fe195a87c812"},"provisioningMethod":"FromDefinition","failureAlertSubscription":true,"clientLastModifiedTime":"2021-12-28T21:25:21.4156662Z"},"$schema":"https://schema.management.azure.com/providers/Microsoft.Logic/schemas/2016-06-01/workflowdefinition.json#","contentVersion":"1.0.0.0","parameters":{"$connections":{"defaultValue":{},"type":"Object"},"$authentication":{"defaultValue":{},"type":"SecureObject"}},"triggers":{"When_a_specific_form_response_is_submitted":{"metadata":{"operationMetadataId":"80b81898-8f8f-40d9-adfa-ba9d94fa942b"},"type":"OpenApiConnectionWebhook","inputs":{"host":{"apiId":"/providers/Microsoft.PowerApps/apis/shared_jotform","connectionName":"shared_jotform","operationId":"TriggerNewResponse"},"parameters":{"Request body of webhook/Form_ID":"212654996144161","Request body of webhook/format":["Text"]},"authentication":"@parameters('$authentication')"}}},"actions":{"GetSiteData":{"runAfter":{"Condition_for_Multi_Attachments":["Skipped","Succeeded","Failed"]},"metadata":{"operationMetadataId":"27eb34cf-f7df-471c-8066-b8387f90d1b4"},"type":"OpenApiConnection","inputs":{"host":{"apiId":"/providers/Microsoft.PowerApps/apis/shared_sharepointonline","connectionName":"shared_sharepointonline","operationId":"GetItems"},"parameters":{"dataset":"https://aesirinfo.sharepoint.com/sites/ABSDisinfectionTracking","table":"dffa2a73-988a-4546-a3c5-d1cfa972b550","$filter":"field_5 eq '@{variables('GLC')}'","$top":1},"authentication":"@parameters('$authentication')"}},"AppendSiteDatatoVar":{"foreach":"@outputs('GetSiteData')?['body/value']","actions":{"AppendSFID":{"runAfter":{},"metadata":{"operationMetadataId":"228c675c-d812-4d17-ab26-99617458b4d3"},"type":"AppendToStringVariable","inputs":{"name":"SFID","value":"@items('AppendSiteDatatoVar')?['field_7']"}},"AppendLAT":{"runAfter":{"AppendSFID":["Succeeded"]},"metadata":{"operationMetadataId":"cf537a4b-2a63-471a-8a8b-d8f1041d4c3d"},"type":"AppendToStringVariable","inputs":{"name":"LAT","value":"@items('AppendSiteDatatoVar')?['field_8']"}},"AppendLON":{"runAfter":{"AppendLAT":["Succeeded"]},"metadata":{"operationMetadataId":"49427643-a8af-400e-8c69-d32525d05225"},"type":"AppendToStringVariable","inputs":{"name":"LON","value":"@items('AppendSiteDatatoVar')?['field_9']"}},"Get_location_by_point":{"runAfter":{"ComposeLON":["Succeeded"]},"metadata":{"operationMetadataId":"93f8e29c-0869-4fda-8065-cc0d987851f3"},"type":"OpenApiConnection","inputs":{"host":{"apiId":"/providers/Microsoft.PowerApps/apis/shared_bingmaps","connectionName":"shared_bingmaps","operationId":"GetLocationByPoint"},"parameters":{"latitude":"@outputs('ComposeLAT')","longitude":"@outputs('ComposeLON')","includeNeighborhood":true,"include":true},"authentication":"@parameters('$authentication')"}},"ComposeLAT":{"runAfter":{"AppendCTYADDRESS":["Succeeded"]},"metadata":{"operationMetadataId":"f4a4f7f8-870a-4444-9cf8-8ea6e33a5ccf"},"type":"Compose","inputs":"@items('AppendSiteDatatoVar')?['field_8']"},"ComposeLON":{"runAfter":{"ComposeLAT":["Succeeded"]},"metadata":{"operationMetadataId":"615ac44f-3b0d-49f7-85f3-64fe2b7a3921"},"type":"Compose","inputs":"@items('AppendSiteDatatoVar')?['field_9']"},"Append_to_string_variable_4":{"runAfter":{"Get_location_by_point":["Succeeded"]},"metadata":{"operationMetadataId":"d7f47111-ea9b-4f63-a895-7af57018c7c2"},"type":"AppendToStringVariable","inputs":{"name":"GPS_address","value":"@outputs('Get_location_by_point')?['body/address/formattedAddress']"}},"AppendSTADDRESS":{"runAfter":{"AppendLON":["Succeeded"]},"metadata":{"operationMetadataId":"7ac291df-e64d-42c3-8a11-558f0c0a3f3c"},"type":"AppendToStringVariable","inputs":{"name":"Street_address","value":"@items('AppendSiteDatatoVar')?['field_2']"}},"AppendCTYADDRESS":{"runAfter":{"AppendSTADDRESS":["Succeeded"]},"metadata":{"operationMetadataId":"6ab81dec-787e-494d-ba65-134313f538d9"},"type":"AppendToStringVariable","inputs":{"name":"City","value":"@items('AppendSiteDatatoVar')?['field_3']"}}},"runAfter":{"GetSiteData":["Succeeded"]},"metadata":{"operationMetadataId":"468ef6aa-ce2d-442e-aade-f77d950dd790"},"type":"Foreach"},"GLCVAR":{"runAfter":{},"metadata":{"operationMetadataId":"a8cb119f-634a-46f8-8c14-b643a54d8ed3"},"type":"InitializeVariable","inputs":{"variables":[{"name":"GLC","type":"string","value":"@{substring(triggerOutputs()?['body/04 - Enter Site Pin  & Verify Site Address'],0,5)}"}]}},"SFIDVAR":{"runAfter":{"UUIDVAR":["Succeeded"]},"metadata":{"operationMetadataId":"e7ea082c-32b9-4d24-9d03-37a9e95400d3"},"type":"InitializeVariable","inputs":{"variables":[{"name":"SFID","type":"string"}]}},"LATVAR":{"runAfter":{"SFIDVAR":["Succeeded"]},"metadata":{"operationMetadataId":"3e9b2713-441f-407f-a52b-d174a53a71eb"},"type":"InitializeVariable","inputs":{"variables":[{"name":"LAT","type":"string"}]}},"LONVAR":{"runAfter":{"LATVAR":["Succeeded"]},"metadata":{"operationMetadataId":"ee65b6a5-c7ab-4b2d-bf8f-0c0a62aeaf26"},"type":"InitializeVariable","inputs":{"variables":[{"name":"LON","type":"string"}]}},"UNXTVAR":{"runAfter":{"UTC_to_Unix_Time_Conversion":["Succeeded"]},"metadata":{"operationMetadataId":"455cf5be-e95a-497b-964f-fa0d953d2d94"},"type":"InitializeVariable","inputs":{"variables":[{"name":"UNIXTIME","type":"string","value":"@{outputs('UTC_to_Unix_Time_Conversion')}"}]}},"UUIDVAR":{"runAfter":{"UNXTVAR":["Succeeded"]},"metadata":{"operationMetadataId":"08de78a7-af53-4701-a5fa-9aec282d012b"},"type":"InitializeVariable","inputs":{"variables":[{"name":"UUID","type":"string","value":"@{guid()}"}]}},"RAWURLVAR":{"runAfter":{"CTYVAR":["Succeeded"]},"metadata":{"operationMetadataId":"3c61a600-9a66-4947-b664-7316228a0972"},"type":"InitializeVariable","inputs":{"variables":[{"name":"url","type":"string","value":"@triggerOutputs()?['body/12 - Photos?']"}]}},"Condition_for_Multi_Attachments":{"actions":{"Find_text_position":{"runAfter":{},"metadata":{"operationMetadataId":"dfc9d525-bbae-4f0f-9918-8b42463c8138"},"type":"Expression","kind":"IndexOf","inputs":{"text":"@variables('url')","searchText":","}},"Find_start_index_of_2nd_url":{"runAfter":{"Full_length_URL_string":["Succeeded"]},"metadata":{"operationMetadataId":"bf6f2b09-3434-44c0-8c99-4b3adc83fd96"},"type":"Compose","inputs":"@add(outputs('Find_text_position')?['body'],1)"},"Find_End_index_of_1st_url":{"runAfter":{"Find_length_of_2nd_url":["Succeeded"]},"metadata":{"operationMetadataId":"b3bfaa03-97aa-4732-97ab-0240fd1e02a0"},"type":"Compose","inputs":"@sub(outputs('Find_text_position')?['body'],1)"},"Full_length_URL_string":{"runAfter":{"Find_text_position":["Succeeded"]},"metadata":{"operationMetadataId":"c0fb46dd-7d7e-4aaa-be8c-30ead371601b"},"type":"Compose","inputs":"@length(variables('url'))"},"UURL_1":{"runAfter":{"Find_End_index_of_1st_url":["Succeeded"]},"metadata":{"operationMetadataId":"90752f32-832d-4c8c-93aa-378e7364228a"},"type":"Expression","kind":"Substring","inputs":{"text":"@variables('url')","startingPosition":0,"length":"@outputs('Find_End_index_of_1st_url')"}},"UURL_2":{"runAfter":{"Append_to_string_variable":["Succeeded"]},"metadata":{"operationMetadataId":"fd1adfc4-be4b-4aad-a1fb-577ffd391cd6"},"type":"Expression","kind":"Substring","inputs":{"text":"@variables('url')","startingPosition":"@outputs('Find_start_index_of_2nd_url')","length":"@outputs('Find_length_of_2nd_url')"}},"Find_length_of_2nd_url":{"runAfter":{"Find_start_index_of_2nd_url":["Succeeded"]},"metadata":{"operationMetadataId":"35870dc9-8f08-446e-ba86-151bf1b2742c"},"type":"Compose","inputs":"@sub(outputs('Full_length_URL_string'),outputs('Find_start_index_of_2nd_url'))"},"Append_to_string_variable":{"runAfter":{"UURL_1":["Succeeded"]},"metadata":{"operationMetadataId":"36be5bfa-2c0b-4ad5-8ea4-8e2f72958e19"},"type":"AppendToStringVariable","inputs":{"name":"UURL1","value":"@body('UURL_1')"}},"Append_to_string_variable_2":{"runAfter":{"UURL_2":["Succeeded"]},"metadata":{"operationMetadataId":"afeb77c0-ab03-4358-bfa9-f54290a90f4d"},"type":"AppendToStringVariable","inputs":{"name":"UURL2","value":"@body('UURL_2')"}}},"runAfter":{"CommentsVar":["Succeeded"]},"else":{"actions":{"UURL":{"runAfter":{},"metadata":{"operationMetadataId":"46982889-72ee-414a-83f4-1b89a80fc5a1"},"type":"Expression","kind":"Substring","inputs":{"text":"@variables('url')","startingPosition":0}},"Append_to_string_variable_3":{"runAfter":{"UURL":["Succeeded"]},"metadata":{"operationMetadataId":"2569f4b6-e644-4051-ab16-fffc5069582b"},"type":"AppendToStringVariable","inputs":{"name":"UURL1","value":"@body('UURL')"}}}},"expression":{"contains":["@variables('url')",","]},"metadata":{"operationMetadataId":"97183713-dc15-47ac-b9c3-abf17a2d1d1a"},"type":"If"},"UURL1VAR":{"runAfter":{"RAWURLVAR":["Succeeded"]},"metadata":{"operationMetadataId":"1934f7d8-234c-41d9-8731-820f5ff2b58d"},"type":"InitializeVariable","inputs":{"variables":[{"name":"UURL1","type":"string"}]}},"UURL2VAR":{"runAfter":{"UURL1VAR":["Succeeded"]},"metadata":{"operationMetadataId":"efc32e34-b38a-40c9-92db-3383e3b0b6ce"},"type":"InitializeVariable","inputs":{"variables":[{"name":"UURL2","type":"string"}]}},"CommentsVar":{"runAfter":{"UURL2VAR":["Succeeded"]},"metadata":{"operationMetadataId":"8dfa8877-891e-4a3b-a6a1-81cefd207b01"},"type":"InitializeVariable","inputs":{"variables":[{"name":"comments","type":"string","value":"Service Performed on@{triggerOutputs()?['body/09 - DateTime']}  by @{variables('employee')}. - @{triggerOutputs()?['body/11 - Any Comments about this service?']}"}]}},"GPSADDVAR":{"runAfter":{"LONVAR":["Succeeded"]},"metadata":{"operationMetadataId":"55567b1f-939d-42e2-a64c-f3bd2d9b451c"},"type":"InitializeVariable","inputs":{"variables":[{"name":"GPS_address","type":"string"}]}},"STADDRESSVAR":{"runAfter":{"GPSADDVAR":["Succeeded"]},"metadata":{"operationMetadataId":"3d41f0c5-2115-4e06-90a6-a7727a77155b"},"type":"InitializeVariable","inputs":{"variables":[{"name":"Street_address","type":"string"}]}},"CTYVAR":{"runAfter":{"STADDRESSVAR":["Succeeded"]},"metadata":{"operationMetadataId":"07751c1e-d05f-406b-8558-2116857b332c"},"type":"InitializeVariable","inputs":{"variables":[{"name":"City","type":"string"}]}},"EMPLOYEEVAR":{"runAfter":{"GLCVAR":["Succeeded"]},"metadata":{"operationMetadataId":"41f37a59-5290-440f-a65e-3c19056a29c1"},"type":"InitializeVariable","inputs":{"variables":[{"name":"employee","type":"string","value":"@triggerOutputs()?['body/06 - Enter Your Name?']"}]}},"UTC_to_Unix_Time_Conversion":{"runAfter":{"EMPLOYEEVAR":["Succeeded"]},"metadata":{"operationMetadataId":"b0da2775-6464-47c7-8e21-bae8a368f50e"},"type":"Compose","inputs":"@div(sub(ticks(utcNow()), ticks('1970-01-01Z00:00:00')), 10000000)","description":"div(sub(ticks(triggerBody()['text']),ticks('1970-01-01Z00:00:00')),10000000)"},"CreateCheckIn":{"runAfter":{"AppendSiteDatatoVar":["Succeeded"]},"metadata":{"operationMetadataId":"ec5bb7f8-aa39-4edd-8ddb-42d2cdd17222"},"type":"OpenApiConnection","inputs":{"host":{"apiId":"/providers/Microsoft.PowerApps/apis/shared_sharepointonline","connectionName":"shared_sharepointonline","operationId":"PostItem"},"parameters":{"dataset":"https://aesirinfo.sharepoint.com/sites/ABSDisinfectionTracking","table":"16729ac6-0ca5-4c97-b201-cc696cfe7caf","item/Title":"@triggerOutputs()?['body/01 - Submission ID']","item/GLC":"@variables('GLC')","item/Address":"@variables('Street_address')","item/City":"@variables('City')","item/Employee":"@variables('employee')","item/geolocationverification":"@variables('GPS_address')","item/TypeOfCleaning":"@triggerOutputs()?['body/08 - Which Type of Service Did You Provide?']","item/url":"@variables('UURL1')","item/OriginalSubmissionID":"@variables('UURL2')","item/ViewRecord":"@{triggerOutputs()?['body/14 - General Service Check']} @{triggerOutputs()?['body/15 - Daily Disinfection Services']}","item/Notes":"@variables('comments')","item/AttachTransferID":"@variables('UUID')"},"authentication":"@parameters('$authentication')"}},"GetCheckIn":{"runAfter":{"CreateCheckIn":["Succeeded"]},"metadata":{"operationMetadataId":"00b8d736-1329-41bd-99f0-053a6284a3cf"},"type":"OpenApiConnection","inputs":{"host":{"apiId":"/providers/Microsoft.PowerApps/apis/shared_sharepointonline","connectionName":"shared_sharepointonline","operationId":"GetItem"},"parameters":{"dataset":"https://aesirinfo.sharepoint.com/sites/ABSDisinfectionTracking","table":"16729ac6-0ca5-4c97-b201-cc696cfe7caf","id":"@outputs('CreateCheckIn')?['body/ID']"},"authentication":"@parameters('$authentication')"}},"UpdateCheckInTime":{"runAfter":{"GetCheckIn":["Succeeded"]},"metadata":{"operationMetadataId":"a1449528-6bd3-479c-be09-9612abdd650b"},"type":"OpenApiConnection","inputs":{"host":{"apiId":"/providers/Microsoft.PowerApps/apis/shared_sharepointonline","connectionName":"shared_sharepointonline","operationId":"PatchItem"},"parameters":{"dataset":"https://aesirinfo.sharepoint.com/sites/ABSDisinfectionTracking","table":"16729ac6-0ca5-4c97-b201-cc696cfe7caf","id":"@outputs('GetCheckIn')?['body/ID']","item/Title":"@triggerOutputs()?['body/01 - Submission ID']","item/TimeIn":"@outputs('CreateCheckIn')?['body/Created']"},"authentication":"@parameters('$authentication')"}},"GET_SiteFotos_Form__2":{"runAfter":{"TEST":["Succeeded"]},"metadata":{"operationMetadataId":"431fbd73-1fbd-403f-ab75-e946be955dba"},"type":"Http","inputs":{"method":"GET","uri":"https://www.sitefotos.com/api/getform?form_id=37943","headers":{"api-key":"bfbf1d26-3847-40a0-814c-832f8b281030","access-code":"d156d4836ea87dd732cfda175b7911cb"}}},"POST_SiteFotos_Form_2":{"runAfter":{"GET_SiteFotos_Form__2":["Succeeded"]},"metadata":{"operationMetadataId":"1a674e13-4c4d-49fd-8607-907a49df2854"},"type":"Http","inputs":{"method":"POST","uri":"https://www.sitefotos.com/api/submitform","headers":{"api-key":"bfbf1d26-3847-40a0-814c-832f8b281030","access-code":"d156d4836ea87dd732cfda175b7911cb"},"body":{"form_name":"Verizon Janitorial","form_id":"37943","site_id":"@{variables('SFID')}","lat":"@{variables('LAT')}","lng":"@{variables('LON')}","unixtime":"@{variables('UNIXTIME')}","uuid":"@{variables('UUID')}","form_data":{"pages":[{"name":"Page","title":"","elements":[{"title":"BEFORE PHOTO(S)","type":"file","name":"Q12","value":[{"lrImageURL":"@variables('UURL1')"}],"isRequired":false},{"title":"TRASH","type":"radiogroup","name":"Q1","isRequired":false,"segment":true,"value":"Yes","choices":["Yes","No","N/A"]},{"title":"RESTROOMS","type":"radiogroup","name":"Q1","isRequired":false,"segment":true,"value":"Yes","choices":["Yes","No","N/A"]},{"title":"DUSTING / WIPING / CLEANING","type":"radiogroup","name":"Q1","isRequired":false,"segment":true,"value":"Yes","choices":["Yes","No","N/A"]},{"title":"HARD FLOORS - CLEANED IE MOPPED OR PER SOW","type":"radiogroup","name":"Q1","isRequired":false,"segment":true,"value":"Yes","choices":["Yes","No","N/A"]},{"title":"CARPET / MATS / RUGS - FREE FROM STAINS AND DEBRIS","type":"radiogroup","name":"Q1","isRequired":false,"segment":true,"value":"Yes","choices":["Yes","No","N/A"]},{"title":"INTERIOR GLASS CLEANING","type":"radiogroup","name":"Q1","isRequired":false,"segment":true,"value":"Yes","choices":["Yes","No","N/A"]},{"title":"PERIMETER WINDOW CLEANING (NON RETAIL LOCATIONS)","type":"radiogroup","name":"Q1","isRequired":false,"segment":true,"value":"Yes","choices":["Yes","No","N/A"]},{"title":"DAY PORTERS/MATRONS (PORTERS)","type":"radiogroup","name":"Q1","isRequired":false,"segment":true,"value":"No","choices":["Yes","No","N/A"]},{"title":"LAMPING SERVICES (IF APPLICABLE)","type":"radiogroup","name":"Q1","isRequired":false,"segment":true,"value":"Yes","choices":["Yes","No","N/A"]},{"title":"PPE WORN","type":"radiogroup","name":"Q1","isRequired":false,"segment":true,"value":"Yes","choices":["Yes","No","N/A"]},{"title":"PAPER/SOAP SUPPLIES RESTOCKED","type":"radiogroup","name":"Q1","isRequired":false,"segment":true,"value":"Yes","choices":["Yes","No","N/A"]},{"title":"BREAKROOM CLEANED","type":"radiogroup","name":"Q1","isRequired":false,"segment":true,"value":"Yes","choices":["Yes","No","N/A"]},{"title":"TOUCH POINTS SANITIZED","type":"radiogroup","name":"Q1","isRequired":false,"segment":true,"value":"Yes","choices":["Yes","No","N/A"]},{"title":"SIGN IN LOG SIGNED","type":"radiogroup","name":"Q1","isRequired":false,"segment":true,"value":"Yes","choices":["Yes","No","N/A"]},{"title":"NOTES","type":"comment","name":"Q8","placeHolder":"For items needing attention (Clogged toilets/loose toilet seats/faucets not working/broken dispensers) or other site notes.","value":"@{variables('comments')} ","isRequired":false},{"title":"AFTER PHOTO(S)","type":"file","name":"Q9","value":[{"lrImageURL":"@variables('UURL2')"}],"isRequired":false}]}]},"uploader_email":"vzworktix@abs-service.net"}}},"TEST":{"runAfter":{"UpdateCheckInTime":["Succeeded"]},"metadata":{"operationMetadataId":"2139d91e-ba52-4ec5-a712-db4f05dd50f7"},"type":"Compose","inputs":{"form_name":"Verizon Janitorial","form_id":"37943","site_id":"@{variables('SFID')}","lat":"@{variables('LAT')}","lng":"@{variables('LON')}","unixtime":"@{variables('UNIXTIME')}","uuid":"@{variables('UUID')}","form_data":{"pages":[{"name":"Page","title":"","elements":[{"title":"BEFORE PHOTO(S)","type":"file","name":"Q12","value":[{"lrImageURL":"@variables('UURL1')"}],"isRequired":false},{"title":"TRASH","type":"radiogroup","name":"Q1","isRequired":false,"segment":true,"value":"Yes","choices":["Yes","No","N/A"]},{"title":"RESTROOMS","type":"radiogroup","name":"Q1","isRequired":false,"segment":true,"value":"Yes","choices":["Yes","No","N/A"]},{"title":"DUSTING / WIPING / CLEANING","type":"radiogroup","name":"Q1","isRequired":false,"segment":true,"value":"Yes","choices":["Yes","No","N/A"]},{"title":"HARD FLOORS - CLEANED IE MOPPED OR PER SOW","type":"radiogroup","name":"Q1","isRequired":false,"segment":true,"value":"Yes","choices":["Yes","No","N/A"]},{"title":"CARPET / MATS / RUGS - FREE FROM STAINS AND DEBRIS","type":"radiogroup","name":"Q1","isRequired":false,"segment":true,"value":"Yes","choices":["Yes","No","N/A"]},{"title":"INTERIOR GLASS CLEANING","type":"radiogroup","name":"Q1","isRequired":false,"segment":true,"value":"Yes","choices":["Yes","No","N/A"]},{"title":"PERIMETER WINDOW CLEANING (NON RETAIL LOCATIONS)","type":"radiogroup","name":"Q1","isRequired":false,"segment":true,"value":"Yes","choices":["Yes","No","N/A"]},{"title":"DAY PORTERS/MATRONS (PORTERS)","type":"radiogroup","name":"Q1","isRequired":false,"segment":true,"value":"No","choices":["Yes","No","N/A"]},{"title":"LAMPING SERVICES (IF APPLICABLE)","type":"radiogroup","name":"Q1","isRequired":false,"segment":true,"value":"Yes","choices":["Yes","No","N/A"]},{"title":"PPE WORN","type":"radiogroup","name":"Q1","isRequired":false,"segment":true,"value":"Yes","choices":["Yes","No","N/A"]},{"title":"PAPER/SOAP SUPPLIES RESTOCKED","type":"radiogroup","name":"Q1","isRequired":false,"segment":true,"value":"Yes","choices":["Yes","No","N/A"]},{"title":"BREAKROOM CLEANED","type":"radiogroup","name":"Q1","isRequired":false,"segment":true,"value":"Yes","choices":["Yes","No","N/A"]},{"title":"TOUCH POINTS SANITIZED","type":"radiogroup","name":"Q1","isRequired":false,"segment":true,"value":"Yes","choices":["Yes","No","N/A"]},{"title":"SIGN IN LOG SIGNED","type":"radiogroup","name":"Q1","isRequired":false,"segment":true,"value":"Yes","choices":["Yes","No","N/A"]},{"title":"NOTES","type":"comment","name":"Q8","placeHolder":"For items needing attention (Clogged toilets/loose toilet seats/faucets not working/broken dispensers) or other site notes.","value":"@{variables('comments')} ","isRequired":false},{"title":"AFTER PHOTO(S)","type":"file","name":"Q9","value":[{"lrImageURL":"@variables('UURL2')"}],"isRequired":false}]}]},"uploader_email":"vzworktix@abs-service.net"}}}},"connectionReferences":{"shared_sharepointonline":{"connectionName":"shared-sharepointonl-2ee0f753-e88c-4542-85ad-51b2-2fb2d1e8","source":"Embedded","id":"/providers/Microsoft.PowerApps/apis/shared_sharepointonline","tier":"NotSpecified"},"shared_bingmaps":{"connectionName":"shared-bingmaps-ea764eb5-bf36-4e5a-827a-6eae-bfc01894","source":"Embedded","id":"/providers/Microsoft.PowerApps/apis/shared_bingmaps","tier":"NotSpecified"},"shared_jotform":{"connectionName":"shared-jotform-0fe461c2-d205-408f-95c8-1227-0e8004af","source":"Embedded","id":"/providers/Microsoft.PowerApps/apis/shared_jotform","tier":"NotSpecified"}},"flowFailureAlertSubscribed":false}}